{
  "baseline": {
    "ddpm": {
      "time": 6.494752883911133,
      "metrics": {
        "mean": 0.24668776988983154,
        "std": 0.7778322696685791,
        "min": -1.5064496994018555,
        "max": 1.3498225212097168
      }
    },
    "ddim": {
      "time": 0.28342580795288086,
      "metrics": {
        "mean": 0.2627304196357727,
        "std": 0.7647227644920349,
        "min": -1.2050261497497559,
        "max": 1.4264816045761108
      }
    }
  },
  "com_mod_1": {
    "ddpm": {
      "time": 5.175764322280884,
      "metrics": {
        "mean": 0.29650676250457764,
        "std": 0.778136134147644,
        "min": -1.421196460723877,
        "max": 1.3943092823028564
      }
    },
    "ddim": {
      "time": 0.2571260929107666,
      "metrics": {
        "mean": 0.2131868451833725,
        "std": 0.7386561632156372,
        "min": -1.2589350938796997,
        "max": 1.2222198247909546
      }
    }
  },
  "com_mod_2": {
    "ddpm": {
      "time": 5.949614763259888,
      "metrics": {
        "mean": 0.2966601252555847,
        "std": 0.7479945421218872,
        "min": -1.3816602230072021,
        "max": 1.2987924814224243
      }
    },
    "ddim": {
      "time": 0.2815892696380615,
      "metrics": {
        "mean": 0.24842822551727295,
        "std": 0.7379242181777954,
        "min": -1.2466316223144531,
        "max": 1.3653981685638428
      }
    }
  }
}